Borough,Y = Crime rate each year Per Million,X1 = Year,X2 = Population In millions,X3 = Jobseeker claimants Rate,X4 = Median House Price (Pounds),X5 = Average Income level (Pounds),X6 = Job Density,,
Barking and Dagenham,"20,476",2001,"165,345",3,"89,000","16,200",0.52,,
Barking and Dagenham,"20,040",2002,"165,841",3,"115,000","17,000",0.5,,
Barking and Dagenham,"21,085",2003,"166,238",3.3,"140,000","17,400",0.53,,
Barking and Dagenham,"21,271",2004,"166,834",3.3,"160,000","16,600",0.51,,
Barking and Dagenham,"20,715",2005,"167,930",3.6,"163,000","17,900",0.51,,
Barking and Dagenham,"21,627",2006,"168,725",3.8,"168,000","17,600",0.49,,
Barking and Dagenham,"19,654",2007,"170,418",3.5,"185,000","18,600",0.49,,
Barking and Dagenham,"19,527",2008,"173,613",3.6,"190,000","19,000",0.48,,
Barking and Dagenham,"19,798",2009,"178,611",5.3,"160,000","19,400",0.42,,
Barking and Dagenham,"19,358",2010,"183,905",5.5,"171,000","19,400",0.44,,
Barking and Dagenham,"18,519",2011,"187,100",5.9,"170,000","19,600",0.45,,
Barking and Dagenham,"16,887",2012,"191,500",5.9,"175,000","20,100",0.46,,
Barking and Dagenham,"15,662",2013,"195,551",5,"180,000","21,000",0.44,,
Barnet,"28,059",2001,"319,770",2.2,"174,000","18,700",0.65,,
Barnet,"28,744",2002,"320,174",2.5,"209,000","19,700",0.64,,
Barnet,"30,867",2003,"321,873",2.5,"235,000","20,000",0.65,,
Barnet,"32,966",2004,"325,277",2.2,"250,000","19,900",0.63,,
Barnet,"31,366",2005,"330,278",2.2,"250,000","21,200",0.63,,
Barnet,"28,942",2006,"333,284",2.3,"275,000","20,400",0.63,,
Barnet,"26,166",2007,"336,787",1.8,"295,000","22,000",0.62,,
Barnet,"25,553",2008,"340,589",1.8,"280,000","23,150",0.63,,
Barnet,"25,408",2009,"347,192",2.9,"290,000","24,300",0.63,,
Barnet,"25,507",2010,"352,999",2.8,"326,000","24,100",0.61,,
Barnet,"25,955",2011,"357,550",2.9,"324,000","24,200",0.62,,
Barnet,"25,172",2012,"366,400",2.9,"330,000","25,800",0.65,,
Barnet,"22,555",2013,"370,010",2.4,"345,000","26,800",0.66,,
Bexley,"20,224",2001,"219,008",1.8,"116,000","18,300",0.54,,
Bexley,"18,501",2002,"219,606",1.9,"139,000","17,800",0.57,,
Bexley,"18,995",2003,"220,306",1.9,"163,000","17,700",0.55,,
Bexley,"18,178",2004,"222,303",1.9,"175,000","17,700",0.61,,
Bexley,"18,359",2005,"223,503",1.9,"184,000","19,400",0.57,,
Bexley,"17,142",2006,"224,205",2,"195,000","19,600",0.52,,
Bexley,"16,191",2007,"225,302",1.7,"212,000","19,800",0.52,,
Bexley,"16,039",2008,"227,203",1.7,"210,000","20,950",0.51,,
Bexley,"15,391",2009,"228,501",3.2,"196,000","22,100",0.5,,
Bexley,"13,959",2010,"231,001",3,"215,000","22,600",0.53,,
Bexley,"12,013",2011,"232,850",3,"215,000","22,300",0.53,,
Bexley,"12,223",2012,"233,300",3,"210,000","23,100",0.53,,
Bexley,"11,746",2013,"236,541",2.6,"225,000","24,400",0.54,,
Brent,"29,829",2001,"271,275",3.4,"158,000","16,500",0.62,,
Brent,"30,141",2002,"276,379",3.9,"187,000","16,400",0.62,,
Brent,"31,245",2003,"282,378",3.9,"215,000","16,800",0.65,,
Brent,"32,555",2004,"287,882",3.8,"225,000","16,500",0.65,,
Brent,"31,712",2005,"291,683",3.8,"241,000","17,600",0.64,,
Brent,"30,792",2006,"293,387",4,"250,000","18,200",0.58,,
Brent,"27,346",2007,"296,288",3.6,"283,000","18,300",0.57,,
Brent,"26,052",2008,"300,191",3.3,"278,000","18,950",0.54,,
Brent,"27,916",2009,"304,195",4.9,"275,000","19,600",0.53,,
Brent,"28,558",2010,"308,298",5.1,"283,000","19,700",0.54,,
Brent,"30,815",2011,"312,150",4.3,"300,000","20,200",0.53,,
Brent,"26,760",2012,"315,950",4.3,"320,000","20,600",0.57,,
Brent,"24,046",2013,"320,190",4.1,"346,000","21,300",0.57,,
Bromley,"26,629",2001,"295,596",1.7,"152,000","19,100",0.61,,
Bromley,"28,296",2002,"295,493",1.9,"178,000","20,100",0.63,,
Bromley,"28,317",2003,"295,195",2,"205,000","21,400",0.67,,
Bromley,"29,006",2004,"294,593",1.9,"225,000","20,900",0.67,,
Bromley,"28,479",2005,"295,995",1.9,"230,000","22,400",0.66,,
Bromley,"27,691",2006,"298,097",1.8,"243,000","23,000",0.66,,
Bromley,"24,910",2007,"300,196",1.5,"260,000","23,200",0.71,,
Bromley,"25,805",2008,"302,997",1.7,"250,000","24,050",0.67,,
Bromley,"23,978",2009,"305,500",2.9,"249,000","24,900",0.61,,
Bromley,"21,771",2010,"307,899",2.6,"275,000","25,800",0.61,,
Bromley,"21,588",2011,"310,650",2.8,"275,000","25,100",0.61,,
Bromley,"20,107",2012,"312,100",2.8,"278,000","26,900",0.62,,
Bromley,"19,252",2013,"317,373",2.3,"295,000","27,200",0.64,,
Camden,"46,714",2001,"202,728",3.6,"250,000","19,800",1.98,,
Camden,"48,381",2002,"201,634",3.7,"277,000","21,700",1.92,,
Camden,"46,153",2003,"201,441",3.6,"275,000","21,300",1.86,,
Camden,"41,790",2004,"202,548",3.3,"305,000","23,200",1.82,,
Camden,"38,252",2005,"203,357",3.2,"325,000","24,200",1.88,,
Camden,"39,238",2006,"205,163",3.1,"360,000","25,900",1.8,,
Camden,"36,107",2007,"207,768",2.5,"410,000","26,900",1.9,,
Camden,"32,864",2008,"208,376",2.3,"440,000","27,650",2,,
Camden,"32,650",2009,"213,483",3.1,"420,000","28,400",1.99,,
Camden,"33,160",2010,"217,692",3,"475,000","29,400",1.97,,
Camden,"35,096",2011,"220,050",3.4,"480,000","30,400",2.06,,
Camden,"32,324",2012,"221,750",3.4,"500,000","31,600",2.12,,
Camden,"28,222",2013,"228,361",2.7,"585,000","32,000",2.15,,
Croydon,"34,547",2001,"335,541",2.7,"126,000","18,300",0.71,,
Croydon,"36,290",2002,"337,737",2.8,"151,000","18,000",0.68,,
Croydon,"34,077",2003,"340,232",2.7,"172,000","19,000",0.69,,
Croydon,"34,153",2004,"344,229",2.4,"186,000","18,600",0.69,,
Croydon,"32,442",2005,"348,826",2.5,"195,000","19,600",0.67,,
Croydon,"30,852",2006,"348,721",2.7,"206,000","20,700",0.66,,
Croydon,"29,676",2007,"350,717",2.3,"223,000","20,900",0.67,,
Croydon,"31,507",2008,"354,112",2.4,"228,000","22,000",0.63,,
Croydon,"32,069",2009,"356,008",3.9,"201,000","23,100",0.57,,
Croydon,"31,738",2010,"360,805",4,"220,000","22,000",0.58,,
Croydon,"32,159",2011,"364,800",4.2,"220,000","22,700",0.56,,
Croydon,"30,596",2012,"369,000",4.2,"230,000","23,900",0.58,,
Croydon,"27,790",2013,"373,100",3.5,"239,000","24,300",0.53,,
Ealing,"33,955",2001,"308,483",2.4,"163,000","17,500",0.63,,
Ealing,"34,847",2002,"310,577",2.8,"190,000","18,900",0.62,,
Ealing,"33,934",2003,"314,669",2.8,"212,000","19,400",0.64,,
Ealing,"34,071",2004,"319,260",2.6,"232,000","19,100",0.63,,
Ealing,"33,327",2005,"324,253",2.7,"238,000","19,000",0.63,,
Ealing,"33,802",2006,"324,641",2.8,"249,000","19,900",0.62,,
Ealing,"32,576",2007,"325,737",2.5,"272,000","20,200",0.63,,
Ealing,"31,240",2008,"328,626",2.3,"270,000","21,000",0.58,,
Ealing,"31,689",2009,"333,018",3.9,"259,000","21,800",0.56,,
Ealing,"34,540",2010,"335,910",3.9,"280,000","20,800",0.55,,
Ealing,"32,040",2011,"339,250",3.8,"293,000","21,300",0.63,,
Ealing,"29,515",2012,"342,050",3.8,"310,000","22,700",0.64,,
Ealing,"25,580",2013,"344,870",3.4,"326,000","23,200",0.65,,
Enfield,"26,527",2001,"278,297",3,"130,000","17,500",0.61,,
Enfield,"26,608",2002,"282,298",2.9,"153,000","18,100",0.57,,
Enfield,"27,517",2003,"284,797",3.1,"180,000","18,200",0.6,,
Enfield,"27,098",2004,"288,297",3.1,"193,000","17,000",0.59,,
Enfield,"24,850",2005,"290,197",3.3,"200,000","18,900",0.62,,
Enfield,"25,202",2006,"291,997",3.4,"210,000","19,500",0.56,,
Enfield,"24,110",2007,"295,000",2.9,"234,000","19,900",0.57,,
Enfield,"23,801",2008,"300,000",3,"234,000","21,000",0.57,,
Enfield,"23,102",2009,"304,400",4.6,"225,000","22,100",0.54,,
Enfield,"23,085",2010,"309,799",4.7,"240,000","20,900",0.56,,
Enfield,"22,447",2011,"314,100",5,"240,000","22,300",0.54,,
Enfield,"22,217",2012,"315,250",5,"247,000","22,700",0.57,,
Enfield,"22,308",2013,"322,380",4.2,"250,000","23,900",0.57,,
Greenwich,"27,598",2001,"217,242",3.9,"122,000","18,600",0.5,,
Greenwich,"29,841",2002,"220,535",3.7,"150,000","17,000",0.5,,
Greenwich,"29,606",2003,"227,533",3.6,"170,000","17,800",0.51,,
Greenwich,"29,665",2004,"232,830",3.5,"180,000","17,100",0.5,,
Greenwich,"29,148",2005,"244,728",3.5,"200,000","18,200",0.52,,
Greenwich,"28,126",2006,"246,122",3.7,"209,000","19,200",0.51,,
Greenwich,"28,919",2007,"246,418",3.1,"224,000","20,500",0.51,,
Greenwich,"28,140",2008,"247,513",3,"232,000","20,950",0.5,,
Greenwich,"25,608",2009,"249,507",4.6,"220,000","21,400",0.49,,
Greenwich,"24,224",2010,"253,005",4.6,"245,000","21,300",0.49,,
Greenwich,"22,027",2011,"255,550",4.3,"250,000","21,800",0.47,,
Greenwich,"20,798",2012,"262,650",4.3,"245,000","22,600",0.46,,
Greenwich,"19,228",2013,"262,752",3.8,"275,000","23,500",0.48,,
Hackney,"37,405",2001,"207,889",5.3,"160,000","17,700",0.77,,
Hackney,"36,778",2002,"211,190",5.2,"180,000","17,300",0.75,,
Hackney,"36,813",2003,"215,491",5.4,"194,000","17,000",0.68,,
Hackney,"35,336",2004,"220,391",5,"213,000","18,000",0.65,,
Hackney,"32,210",2005,"226,791",4.9,"220,000","19,300",0.63,,
Hackney,"29,887",2006,"228,495",5.2,"248,000","18,400",0.57,,
Hackney,"31,887",2007,"230,695",4.8,"265,000","20,900",0.6,,
Hackney,"29,188",2008,"235,598",4.3,"265,000","21,550",0.59,,
Hackney,"28,067",2009,"240,096",5.9,"275,000","22,200",0.6,,
Hackney,"27,469",2010,"243,997",6.2,"293,000","22,300",0.58,,
Hackney,"27,431",2011,"247,250",6,"310,000","23,300",0.63,,
Hackney,"27,553",2012,"250,550",6,"325,000","24,300",0.62,,
Hackney,"25,815",2013,"511,810",4.7,"375,000","26,000",0.6,,
HammersmithFulham,"27,132",2001,"169,474",3.3,"245,000","21,000",0.98,,
HammersmithFulham,"25,988",2002,"170,177",3.4,"265,000","20,800",0.94,,
HammersmithFulham,"25,907",2003,"172,279",3.5,"278,000","19,600",0.99,,
HammersmithFulham,"25,248",2004,"175,381",3.1,"300,000","20,800",1.01,,
HammersmithFulham,"23,201",2005,"177,883",2.9,"324,000","23,000",1.05,,
HammersmithFulham,"23,911",2006,"178,089",3,"350,000","22,800",1.02,,
HammersmithFulham,"22,722",2007,"178,888",2.7,"415,000","23,600",1.02,,
HammersmithFulham,"22,033",2008,"178,592",2.7,"435,000","25,150",1.02,,
HammersmithFulham,"22,435",2009,"181,195",4.1,"420,000","26,700",0.98,,
HammersmithFulham,"23,095",2010,"181,297",3.9,"455,000","27,100",1.03,,
HammersmithFulham,"22,793",2011,"182,400",3.8,"465,000","27,600",1.03,,
HammersmithFulham,"21,412",2012,"183,800",3.8,"490,000","27,600",1.09,,
HammersmithFulham,"18,627",2013,"180,984",3.4,"560,000","30,100",1.05,,
Haringey,"33,843",2001,"222,959",4.7,"150,000","19,100",0.48,,
Haringey,"35,138",2002,"224,665",4.7,"180,000","17,100",0.47,,
Haringey,"34,356",2003,"227,766",4.7,"192,000","18,800",0.49,,
Haringey,"33,492",2004,"230,872",4.6,"214,000","18,300",0.49,,
Haringey,"32,664",2005,"235,575",4.7,"225,000","18,800",0.52,,
Haringey,"29,568",2006,"237,577",4.8,"239,000","19,000",0.5,,
Haringey,"29,288",2007,"239,083",4.2,"268,000","19,800",0.49,,
Haringey,"27,570",2008,"244,987",4,"255,000","20,800",0.45,,
Haringey,"25,585",2009,"249,691",5.7,"250,000","21,800",0.42,,
Haringey,"24,045",2010,"252,294",6,"290,000","21,500",0.4,,
Haringey,"25,382",2011,"255,500",5.6,"302,000","22,200",0.41,,
Haringey,"23,047",2012,"258,900",5.6,"315,000","23,300",0.44,,
Haringey,"21,697",2013,"263,103",4.6,"337,000","24,400",0.46,,
Harrow,"17,178",2001,"210,611",1.8,"165,000","19,300",0.58,,
Harrow,"18,700",2002,"213,122",2,"197,000","19,400",0.57,,
Harrow,"17,963",2003,"216,429",2.1,"230,000","19,600",0.59,,
Harrow,"17,050",2004,"221,837",2,"245,000","19,600",0.57,,
Harrow,"15,716",2005,"225,144",2,"249,000","20,700",0.56,,
Harrow,"15,766",2006,"226,753",2,"250,000","21,400",0.56,,
Harrow,"13,591",2007,"228,463",1.6,"280,000","22,100",0.55,,
Harrow,"14,550",2008,"230,571",1.6,"275,000","22,450",0.5,,
Harrow,"15,039",2009,"234,081",2.7,"250,000","22,800",0.5,,
Harrow,"15,143",2010,"237,691",2.6,"292,000","22,300",0.5,,
Harrow,"14,024",2011,"240,550",2.5,"295,000","23,000",0.48,,
Harrow,"13,226",2012,"242,000",2.5,"300,000","24,000",0.5,,
Harrow,"12,047",2013,"245,859",2.1,"325,000","25,200",0.5,,
Havering,"20,682",2001,"224,813",1.6,"122,000","17,400",0.63,,
Havering,"21,066",2002,"225,209",1.6,"145,000","18,300",0.65,,
Havering,"20,539",2003,"225,407",1.7,"174,000","18,100",0.66,,
Havering,"20,571",2004,"225,707",1.5,"188,000","18,600",0.65,,
Havering,"20,215",2005,"226,807",1.6,"195,000","20,200",0.63,,
Havering,"20,502",2006,"228,005",1.8,"205,000","20,400",0.6,,
Havering,"17,152",2007,"229,405",1.6,"223,000","20,800",0.56,,
Havering,"17,947",2008,"231,202",1.8,"222,000","21,400",0.59,,
Havering,"16,943",2009,"233,401",3.3,"200,000","22,000",0.54,,
Havering,"17,358",2010,"235,800",3.3,"220,000","22,500",0.55,,
Havering,"17,141",2011,"237,950",3.4,"220,000","22,700",0.55,,
Havering,"16,306",2012,"240,800",3.4,"220,000","23,500",0.56,,
Havering,"14,977",2013,"242,544",3,"232,000","24,700",0.6,,
Hillingdon,"28,039",2001,"246,079",1.5,"140,000","17,600",1.16,,
Hillingdon,"28,783",2002,"246,384",1.9,"167,000","18,800",1.13,,
Hillingdon,"28,375",2003,"247,285",2.1,"191,000","18,900",1.12,,
Hillingdon,"29,119",2004,"249,887",2,"210,000","20,400",1.2,,
Hillingdon,"28,367",2005,"252,989",2.1,"219,000","20,200",1.18,,
Hillingdon,"29,415",2006,"255,890",2,"230,000","21,200",1.2,,
Hillingdon,"27,165",2007,"258,494",1.7,"245,000","21,800",1.19,,
Hillingdon,"26,332",2008,"262,494",1.7,"246,000","22,400",1.19,,
Hillingdon,"26,929",2009,"267,496",3.2,"230,000","23,000",1.12,,
Hillingdon,"25,643",2010,"271,799",3,"250,000","21,900",1.08,,
Hillingdon,"25,834",2011,"275,550",2.7,"249,000","23,500",1.11,,
Hillingdon,"22,320",2012,"277,850",2.7,"250,000","23,200",1.15,,
Hillingdon,"20,803",2013,"287,548",2.3,"268,000","23,600",1.14,,
Hounslow,"27,336",2001,"217,142",1.4,"148,000","16,500",1.02,,
Hounslow,"30,054",2002,"218,738",1.9,"175,000","18,600",0.91,,
Hounslow,"28,332",2003,"221,336",2.1,"200,000","18,900",0.91,,
Hounslow,"26,554",2004,"226,433",1.9,"215,000","18,400",0.86,,
Hounslow,"25,210",2005,"229,627",2.1,"220,000","18,800",0.9,,
Hounslow,"23,782",2006,"232,922",2.2,"236,000","19,100",0.83,,
Hounslow,"22,759",2007,"236,916",1.8,"250,000","20,400",0.84,,
Hounslow,"23,668",2008,"240,214",1.8,"249,000","21,200",0.83,,
Hounslow,"23,232",2009,"245,310",3.1,"240,000","22,000",0.82,,
Hounslow,"23,578",2010,"250,906",3,"250,000","21,600",0.83,,
Hounslow,"24,758",2011,"254,900",2.9,"250,000","21,800",0.85,,
Hounslow,"22,686",2012,"256,250",2.9,"263,000","22,400",0.9,,
Hounslow,"19,755",2013,"264,280",2.5,"280,000","23,700",0.94,,
Islington,"33,426",2001,"179,896",4.8,"215,000","18,700",1.3,,
Islington,"34,613",2002,"181,797",4.6,"245,000","19,100",1.29,,
Islington,"36,611",2003,"181,499",4.6,"246,000","21,500",1.35,,
Islington,"34,361",2004,"183,198",4.3,"250,000","20,800",1.35,,
Islington,"33,069",2005,"183,598",4.1,"270,000","22,800",1.42,,
Islington,"34,338",2006,"185,698",4.3,"298,000","23,100",1.32,,
Islington,"29,653",2007,"189,201",3.6,"348,000","24,400",1.43,,
Islington,"28,509",2008,"193,199",3.4,"350,000","25,750",1.44,,
Islington,"27,966",2009,"198,996",4.9,"345,000","27,100",1.4,,
Islington,"27,331",2010,"203,599",4.8,"385,000","26,100",1.32,,
Islington,"26,413",2011,"206,350",4.5,"399,000","28,100",1.29,,
Islington,"27,282",2012,"209,300",4.5,"407,000","28,500",1.3,,
Islington,"23,997",2013,"215,920",3.7,"463,000","28,700",1.36,,
KensingtonChelsea,"25,862",2001,"161,070",2.4,"360,000","25,900",1.26,,
KensingtonChelsea,"26,376",2002,"160,577",2.5,"400,000","25,400",1.17,,
KensingtonChelsea,"24,600",2003,"162,281",2.5,"405,000","24,000",1.11,,
KensingtonChelsea,"24,281",2004,"164,583",2.1,"450,000","22,400",1.09,,
KensingtonChelsea,"21,883",2005,"166,686",2,"465,000","27,300",1.09,,
KensingtonChelsea,"22,132",2006,"163,387",2.1,"525,000","27,500",1.09,,
KensingtonChelsea,"22,961",2007,"160,790",1.8,"650,000","31,900",1.08,,
KensingtonChelsea,"21,446",2008,"160,794",1.8,"700,000","33,000",1.1,,
KensingtonChelsea,"19,782",2009,"159,295",2.7,"675,000","34,100",1.1,,
KensingtonChelsea,"20,405",2010,"158,598",2.9,"750,000","31,700",1.11,,
KensingtonChelsea,"20,351",2011,"158,050",2.9,"790,000","37,200",1.2,,
KensingtonChelsea,"20,450",2012,"159,050",2.9,"890,000","37,800",1.28,,
KensingtonChelsea,"17,575",2013,"311,377",2.4,"975,000","37,600",1.27,,
KingstonUponThames,"13,031",2001,"149,070",1.2,"170,000","19,500",0.8,,
KingstonUponThames,"13,329",2002,"147,674",1.5,"198,000","20,700",0.77,,
KingstonUponThames,"14,374",2003,"146,979",1.6,"215,000","20,100",0.77,,
KingstonUponThames,"14,771",2004,"146,279",1.4,"235,000","20,400",0.81,,
KingstonUponThames,"13,941",2005,"146,084",1.3,"240,000","22,400",0.78,,
KingstonUponThames,"12,888",2006,"148,484",1.2,"250,000","22,900",0.92,,
KingstonUponThames,"12,126",2007,"150,488",1,"290,000","25,200",0.8,,
KingstonUponThames,"11,285",2008,"153,192",1,"285,000","25,400",0.8,,
KingstonUponThames,"10,939",2009,"155,593",2,"270,000","25,600",0.78,,
KingstonUponThames,"10,989",2010,"158,199",1.7,"301,000","24,800",0.78,,
KingstonUponThames,"11,088",2011,"160,300",1.8,"300,000","26,000",0.73,,
KingstonUponThames,"10,154",2012,"161,300",1.8,"318,000","26,500",0.73,,
KingstonUponThames,"9,189",2013,"166,408",1.6,"335,000","26,100",0.72,,
Lambeth,"49,664",2001,"274,616",4.9,"172,000","18,200",0.66,,
Lambeth,"48,781",2002,"277,816",5,"195,000","18,800",0.69,,
Lambeth,"45,707",2003,"280,213",5,"203,000","20,000",0.71,,
Lambeth,"42,743",2004,"284,611",4.4,"220,000","19,900",0.72,,
Lambeth,"39,101",2005,"288,309",4.3,"230,000","20,700",0.69,,
Lambeth,"36,691",2006,"289,808",4.2,"246,000","21,600",0.67,,
Lambeth,"35,305",2007,"292,708",3.7,"280,000","22,200",0.66,,
Lambeth,"34,265",2008,"295,205",3.4,"275,000","23,100",0.66,,
Lambeth,"33,901",2009,"298,405",4.9,"275,000","24,000",0.69,,
Lambeth,"34,497",2010,"301,301",5.1,"303,000","24,000",0.68,,
Lambeth,"35,887",2011,"304,400",5.2,"310,000","24,600",0.66,,
Lambeth,"33,808",2012,"308,200",5.2,"320,000","26,000",0.66,,
Lambeth,"32,242",2013,"313,836",4.5,"350,000","26,800",0.72,,
Lewisham,"27,144",2001,"254,879",4.3,"120,000","18,000",0.43,,
Lewisham,"27,661",2002,"255,669",4.3,"145,000","17,300",0.45,,
Lewisham,"29,022",2003,"257,364",4.2,"165,000","17,000",0.46,,
Lewisham,"30,890",2004,"259,456",3.9,"180,000","18,100",0.46,,
Lewisham,"30,748",2005,"261,348",3.9,"185,000","20,000",0.45,,
Lewisham,"31,041",2006,"263,941",3.9,"203,000","20,900",0.41,,
Lewisham,"30,525",2007,"266,732",3.2,"225,000","21,000",0.41,,
Lewisham,"31,024",2008,"271,626",3.1,"227,000","21,650",0.41,,
Lewisham,"29,061",2009,"275,218",4.6,"215,000","22,300",0.4,,
Lewisham,"28,607",2010,"275,210",4.7,"235,000","23,200",0.38,,
Lewisham,"26,765",2011,"276,900",5.2,"240,000","22,900",0.39,,
Lewisham,"24,377",2012,"280,550",5.2,"249,000","23,000",0.4,,
Lewisham,"21,977",2013,"285,978",4.4,"260,000","24,000",0.41,,
Merton,"16,736",2001,"190,999",1.8,"160,000","18,500",0.62,,
Merton,"16,061",2002,"188,799",2.1,"185,000","21,200",0.59,,
Merton,"17,428",2003,"187,699",2.2,"200,000","19,700",0.6,,
Merton,"16,270",2004,"185,899",2,"225,000","19,400",0.7,,
Merton,"15,765",2005,"185,501",2.1,"233,000","20,500",0.65,,
Merton,"15,161",2006,"188,400",2.1,"242,000","21,600",0.6,,
Merton,"14,688",2007,"190,899",1.7,"265,000","22,300",0.58,,
Merton,"14,607",2008,"193,199",1.5,"264,000","23,200",0.6,,
Merton,"14,227",2009,"195,998",2.5,"250,000","24,100",0.58,,
Merton,"14,294",2010,"197,799",2.4,"290,000","24,700",0.57,,
Merton,"13,999",2011,"200,550",2.7,"295,000","25,200",0.62,,
Merton,"13,232",2012,"201,650",2.7,"290,000","25,800",0.65,,
Merton,"11,424",2013,"205,441",2.5,"320,000","27,800",0.69,,
Newham,"39,151",2001,"251,129",4.3,"110,000","15,300",0.48,,
Newham,"39,804",2002,"256,835",4.3,"141,000","15,000",0.43,,
Newham,"39,498",2003,"262,740",4.2,"172,000","14,500",0.45,,
Newham,"34,743",2004,"270,247",4,"187,000","15,100",0.47,,
Newham,"34,897",2005,"274,255",4.2,"197,000","15,200",0.49,,
Newham,"35,330",2006,"275,061",4.8,"211,000","15,800",0.46,,
Newham,"34,556",2007,"279,666",4.3,"230,000","16,500",0.44,,
Newham,"33,775",2008,"286,375",4.2,"236,000","17,050",0.41,,
Newham,"32,739",2009,"293,783",5.8,"198,000","17,600",0.41,,
Newham,"34,778",2010,"305,393",6.2,"220,000","17,400",0.38,,
Newham,"30,991",2011,"310,450",5.1,"219,000","17,600",0.41,,
Newham,"31,124",2012,"319,550",5.1,"219,000","18,500",0.44,,
Newham,"28,546",2013,"323,394",4.4,"230,000","20,100",0.46,,
Redbridge,"25,036",2001,"242,237",2.2,"138,000","17,200",0.52,,
Redbridge,"26,675",2002,"244,631",2.4,"169,000","18,700",0.52,,
Redbridge,"26,067",2003,"247,529",2.3,"196,000","19,000",0.52,,
Redbridge,"24,956",2004,"252,128",2.2,"220,000","17,800",0.52,,
Redbridge,"23,063",2005,"256,221",2.4,"227,000","20,000",0.51,,
Redbridge,"23,691",2006,"259,717",2.5,"240,000","20,700",0.44,,
Redbridge,"22,028",2007,"263,417",2.2,"250,000","21,600",0.46,,
Redbridge,"23,866",2008,"268,012",2.3,"250,000","21,950",0.48,,
Redbridge,"23,592",2009,"272,511",3.6,"230,000","22,300",0.45,,
Redbridge,"23,614",2010,"276,705",3.6,"250,000","22,200",0.43,,
Redbridge,"23,831",2011,"281,450",3.7,"250,000","22,900",0.42,,
Redbridge,"22,114",2012,"283,700",3.7,"265,000","23,800",0.47,,
Redbridge,"19,762",2013,"289,803",3,"272,000","25,100",0.45,,
RichmondUponThames,"14,173",2001,"174,072",1.3,"226,000","23,400",0.72,,
RichmondUponThames,"15,285",2002,"174,673",1.5,"250,000","23,100",0.67,,
RichmondUponThames,"13,983",2003,"175,876",1.6,"269,000","25,600",0.7,,
RichmondUponThames,"14,186",2004,"177,080",1.4,"292,000","24,500",0.66,,
RichmondUponThames,"13,748",2005,"178,781",1.3,"300,000","25,800",0.7,,
RichmondUponThames,"12,813",2006,"180,285",1.2,"330,000","27,300",0.67,,
RichmondUponThames,"12,051",2007,"180,587",0.9,"383,000","29,100",0.72,,
RichmondUponThames,"11,654",2008,"181,392",1,"374,000","29,950",0.73,,
RichmondUponThames,"11,410",2009,"183,594",1.9,"378,000","30,800",0.68,,
RichmondUponThames,"11,455",2010,"185,996",1.7,"400,000","30,600",0.68,,
RichmondUponThames,"11,804",2011,"187,500",1.6,"420,000","31,500",0.76,,
RichmondUponThames,"11,646",2012,"188,200",1.6,"430,000","33,400",0.74,,
RichmondUponThames,"10,376",2013,"191,321",1.5,"475,000","33,700",0.76,,
Southwark,"39,669",2001,"258,170",4.7,"180,000","16,900",1.06,,
Southwark,"40,985",2002,"256,965",4.8,"190,000","17,900",0.92,,
Southwark,"41,676",2003,"257,057",4.9,"209,000","18,200",0.99,,
Southwark,"40,056",2004,"257,848",4.5,"223,000","17,800",1.07,,
Southwark,"38,497",2005,"259,343",4.2,"238,000","20,000",1.08,,
Southwark,"36,992",2006,"265,740",3.9,"248,000","20,400",1.09,,
Southwark,"38,159",2007,"271,129",3.4,"276,000","21,900",1.13,,
Southwark,"39,102",2008,"275,923",3.1,"280,000","22,600",1.22,,
Southwark,"35,536",2009,"280,617",4.3,"285,000","23,300",1.15,,
Southwark,"36,107",2010,"284,309",4.5,"315,000","23,800",1.09,,
Southwark,"33,757",2011,"288,800",5,"320,000","24,300",1.16,,
Southwark,"32,334",2012,"293,600",5,"330,000","25,000",1.25,,
Southwark,"30,680",2013,"298,446",4.3,"350,000","26,200",1.17,,
Sutton,"14,713",2001,"181,471",1.3,"132,000","17,600",0.65,,
Sutton,"14,526",2002,"180,263",1.6,"156,000","17,800",0.62,,
Sutton,"14,571",2003,"179,655",1.7,"175,000","18,400",0.61,,
Sutton,"15,052",2004,"179,348",1.6,"188,000","18,900",0.62,,
Sutton,"15,051",2005,"180,240",1.7,"200,000","20,200",0.6,,
Sutton,"14,556",2006,"181,336",1.7,"210,000","21,400",0.59,,
Sutton,"13,534",2007,"182,928",1.4,"234,000","22,500",0.59,,
Sutton,"13,512",2008,"184,819",1.5,"232,000","22,850",0.66,,
Sutton,"12,893",2009,"187,513",2.7,"210,000","23,200",0.58,,
Sutton,"12,579",2010,"189,206",2.6,"235,000","22,300",0.59,,
Sutton,"11,609",2011,"191,100",2.7,"233,000","25,300",0.62,,
Sutton,"11,130",2012,"191,850",2.7,"240,000","25,000",0.63,,
Sutton,"10,338",2013,"196,470",2.3,"250,000","25,100",0.61,,
TowerHamlets,"33,048",2001,"201,965",5.5,"183,000","19,100",1.21,,
TowerHamlets,"35,324",2002,"203,577",5.3,"200,000","19,300",1.12,,
TowerHamlets,"34,652",2003,"205,190",5.3,"210,000","18,300",1.13,,
TowerHamlets,"33,598",2004,"211,002",4.9,"230,000","19,200",1.3,,
TowerHamlets,"29,263",2005,"216,213",4.8,"236,000","19,800",1.31,,
TowerHamlets,"29,761",2006,"220,826",5.3,"249,000","19,400",1.31,,
TowerHamlets,"29,751",2007,"227,237",4.9,"290,000","21,200",1.3,,
TowerHamlets,"27,022",2008,"233,651",4.5,"291,000","22,850",1.3,,
TowerHamlets,"25,696",2009,"242,269",5.6,"288,000","24,500",1.23,,
TowerHamlets,"26,914",2010,"250,285",5.7,"305,000","24,000",1.22,,
TowerHamlets,"28,164",2011,"256,050",5.6,"300,000","24,700",1.32,,
TowerHamlets,"27,755",2012,"263,200",5.6,"305,000","25,800",1.3,,
TowerHamlets,"26,340",2013,"539,531",4.6,"328,000","27,000",1.33,,
Waltham Forest,"26,912",2001,"222,763",3.7,"118,000","16,600",0.46,,
Waltham Forest,"30,644",2002,"227,863",3.8,"149,000","17,200",0.46,,
Waltham Forest,"28,513",2003,"233,170",3.9,"173,000","16,800",0.46,,
Waltham Forest,"27,485",2004,"238,471",3.9,"188,000","16,600",0.46,,
Waltham Forest,"27,926",2005,"244,675",3.9,"199,000","17,700",0.5,,
Waltham Forest,"27,613",2006,"245,279",4.3,"215,000","17,900",0.44,,
Waltham Forest,"26,104",2007,"246,884",3.9,"240,000","18,200",0.42,,
Waltham Forest,"25,310",2008,"249,887",3.7,"234,000","19,400",0.41,,
Waltham Forest,"26,704",2009,"253,093",5.3,"212,000","20,600",0.41,,
Waltham Forest,"26,875",2010,"256,394",5.4,"230,000","19,700",0.38,,
Waltham Forest,"24,429",2011,"259,700",5.2,"230,000","20,300",0.4,,
Waltham Forest,"24,106",2012,"262,350",5.2,"241,000","21,400",0.43,,
Waltham Forest,"21,769",2013,"267,638",4.6,"265,000","21,900",0.45,,
Wandsworth,"32,006",2001,"272,147",2.6,"204,000","21,700",0.61,,
Wandsworth,"33,541",2002,"274,451",2.8,"235,000","22,000",0.62,,
Wandsworth,"30,510",2003,"278,555",2.7,"242,000","22,600",0.62,,
Wandsworth,"30,161",2004,"283,360",2.4,"260,000","22,000",0.61,,
Wandsworth,"27,433",2005,"289,565",2.4,"277,000","24,500",0.59,,
Wandsworth,"27,976",2006,"292,769",2.3,"314,000","25,300",0.59,,
Wandsworth,"27,015",2007,"295,176",1.9,"356,000","26,100",0.59,,
Wandsworth,"25,054",2008,"296,883",1.8,"350,000","27,650",0.59,,
Wandsworth,"24,917",2009,"301,388",2.9,"350,000","29,200",0.56,,
Wandsworth,"24,673",2010,"303,894",2.9,"380,000","29,000",0.52,,
Wandsworth,"23,904",2011,"307,750",2.8,"390,000","29,400",0.55,,
Wandsworth,"25,114",2012,"310,450",2.8,"417,000","31,000",0.59,,
Wandsworth,"21,960",2013,"311,817",2.5,"463,000","31,900",0.58,,
Westminster,"75,719",2001,"202,918",2.8,"280,000","21,900",4.03,,
Westminster,"77,117",2002,"202,916",2.7,"318,000","22,800",3.82,,
Westminster,"69,775",2003,"204,213",2.5,"326,000","23,500",3.81,,
Westminster,"71,479",2004,"206,711",2.2,"350,000","23,100",3.68,,
Westminster,"64,753",2005,"209,011",2.1,"380,000","27,100",3.61,,
Westminster,"61,274",2006,"211,312",2.1,"415,000","27,000",3.56,,
Westminster,"62,358",2007,"211,408",1.8,"475,000","29,200",3.73,,
Westminster,"60,684",2008,"211,704",1.7,"495,000","30,550",3.89,,
Westminster,"61,654",2009,"214,101",2.5,"500,000","31,900",3.95,,
Westminster,"61,671",2010,"217,701",2.5,"585,000","31,400",4,,
Westminster,"64,602",2011,"219,500",3.2,"600,000","32,400",4.16,,
Westminster,"60,967",2012,"221,800",3.2,"632,000","35,200",4.26,,
Westminster,"52,984",2013,"226,622",2.5,"725,000","36,400",4.39,,
